<?xml version="1.0" encoding="UTF-8"?>
<beans xmlns="http://www.springframework.org/schema/beans"
	xmlns:xsi="http://www.w3.org/2001/XMLSchema-instance" xmlns:p="http://www.springframework.org/schema/p"
	xmlns:lang="http://www.springframework.org/schema/lang" xmlns:tx="http://www.springframework.org/schema/tx"
	xmlns:aop="http://www.springframework.org/schema/aop" xmlns:context="http://www.springframework.org/schema/context"
	xmlns:cache="http://www.springframework.org/schema/cache" xmlns:mvc="http://www.springframework.org/schema/mvc"
	xmlns:task="http://www.springframework.org/schema/task"
	xsi:schemaLocation="http://www.springframework.org/schema/beans
	         http://www.springframework.org/schema/beans/spring-beans.xsd
	         http://www.springframework.org/schema/lang
	         http://www.springframework.org/schema/lang/spring-lang.xsd      
	         http://www.springframework.org/schema/tx   
	         http://www.springframework.org/schema/tx/spring-tx.xsd    
	         http://www.springframework.org/schema/aop     
	         http://www.springframework.org/schema/aop/spring-aop.xsd    
	         http://www.springframework.org/schema/mvc     
	         http://www.springframework.org/schema/mvc/spring-mvc.xsd   
	         http://www.springframework.org/schema/context     
	         http://www.springframework.org/schema/context/spring-context.xsd
	         http://www.springframework.org/schema/cache
	         http://www.springframework.org/schema/cache/spring-cache.xsd
	         http://www.springframework.org/schema/task 
	         http://www.springframework.org/schema/task/spring-task.xsd">

	<context:annotation-config />
	<!-- 自动扫描指定包及其子包下的所有Bean类 -->
	<context:component-scan base-package="com.likeyichu.use" />
	<bean id="jdbc"
		class="org.springframework.beans.factory.config.PropertyPlaceholderConfigurer">
		<property name="locations" value="/WEB-INF/jdbc.properties" />
	</bean>
	<bean id="dataSource" class="com.mchange.v2.c3p0.ComboPooledDataSource"
		destroy-method="close">
		<property name="driverClass">
			<value>${jdbc.driverClassName}</value>
		</property>
		<property name="jdbcUrl">
			<value>${jdbc.url}</value>
		</property>
		<property name="user">
			<value>${jdbc.username}</value>
		</property>
		<property name="password">
			<value>${jdbc.password}</value>
		</property>
		<!--连接池中保留的最小连接数。 -->
		<property name="minPoolSize" value="10" />
		<!--连接池中保留的最大连接数。Default: 15 -->
		<property name="maxPoolSize" value="100" />
		<!--最大空闲时间,1800秒内未使用则连接被丢弃。若为0则永不丢弃。Default: 0 -->
		<property name="maxIdleTime" value="1800" />
		<!--当连接池中的连接耗尽的时候c3p0一次同时获取的连接数。Default: 3 -->
		<property name="acquireIncrement" value="3" />
		<property name="maxStatements" value="1000" />
		<property name="initialPoolSize" value="10" />
		<!--每60秒检查所有连接池中的空闲连接。Default: 0 -->
		<property name="idleConnectionTestPeriod" value="60" />
		<!--定义在从数据库获取新连接失败后重复尝试的次数。Default: 30 -->
		<property name="acquireRetryAttempts" value="30" />
		<property name="breakAfterAcquireFailure" value="true" />
		<property name="testConnectionOnCheckout" value="false" />
	</bean>
</beans>
